source,target,prediction,bleu
DefinedAs obesity will,next American ep ide mic,next american,0.03336574130316504
UsedFor mouse,surf,inter act,0.0
UsedFor jog,burn calorie,get in,0.0
shut those roads in the forest service,the winter,the time,0.1495348781221221
AtLocation storage pan,garage,cabinet,0.0
UsedFor stab to death,get rid of enemy,person who,0.0
AtLocation menu,in restaurant,resturant,0.0
ReceivesAction one object,attached to another,make from,0.0
UsedFor a hair shaping gel,making hair look nice,sty hair,0.05501080739920602
